mean_Delta,mean_Theta,mean_Alpha,mean_Beta,mean_Gamma,mean_Slow,mean_Low_beta,mean_Relative_gamma,Fp1_Delta,Fp1_Theta,Fp1_Alpha,Fp1_Beta,Fp1_Gamma,Fp1_Slow,Fp1_Low_beta,Fp1_Relative_gamma,Fp2_Delta,Fp2_Theta,Fp2_Alpha,Fp2_Beta,Fp2_Gamma,Fp2_Slow,Fp2_Low_beta,Fp2_Relative_gamma,F3_Delta,F3_Theta,F3_Alpha,F3_Beta,F3_Gamma,F3_Slow,F3_Low_beta,F3_Relative_gamma,F4_Delta,F4_Theta,F4_Alpha,F4_Beta,F4_Gamma,F4_Slow,F4_Low_beta,F4_Relative_gamma,F7_Delta,F7_Theta,F7_Alpha,F7_Beta,F7_Gamma,F7_Slow,F7_Low_beta,F7_Relative_gamma,F8_Delta,F8_Theta,F8_Alpha,F8_Beta,F8_Gamma,F8_Slow,F8_Low_beta,F8_Relative_gamma,C3_Delta,C3_Theta,C3_Alpha,C3_Beta,C3_Gamma,C3_Slow,C3_Low_beta,C3_Relative_gamma,C4_Delta,C4_Theta,C4_Alpha,C4_Beta,C4_Gamma,C4_Slow,C4_Low_beta,C4_Relative_gamma,T3_Delta,T3_Theta,T3_Alpha,T3_Beta,T3_Gamma,T3_Slow,T3_Low_beta,T3_Relative_gamma,T4_Delta,T4_Theta,T4_Alpha,T4_Beta,T4_Gamma,T4_Slow,T4_Low_beta,T4_Relative_gamma,T5_Delta,T5_Theta,T5_Alpha,T5_Beta,T5_Gamma,T5_Slow,T5_Low_beta,T5_Relative_gamma,T6_Delta,T6_Theta,T6_Alpha,T6_Beta,T6_Gamma,T6_Slow,T6_Low_beta,T6_Relative_gamma,P3_Delta,P3_Theta,P3_Alpha,P3_Beta,P3_Gamma,P3_Slow,P3_Low_beta,P3_Relative_gamma,P4_Delta,P4_Theta,P4_Alpha,P4_Beta,P4_Gamma,P4_Slow,P4_Low_beta,P4_Relative_gamma,O1_Delta,O1_Theta,O1_Alpha,O1_Beta,O1_Gamma,O1_Slow,O1_Low_beta,O1_Relative_gamma,O2_Delta,O2_Theta,O2_Alpha,O2_Beta,O2_Gamma,O2_Slow,O2_Low_beta,O2_Relative_gamma,alpha_frontal,alpha_temporal,alpha_asymmetry,beta_frontal,beta_temporal,beat_asymmetry,participant_id,label
-102.5923782237214,-111.30130312803628,-114.55582503663392,-118.7413331719113,-120.8109285003578,-113.3659527163386,-117.75268479892374,0.9383749808362978,-103.49150269995934,-111.60948977649338,-116.9107798181268,-119.83409056437569,-120.31842733911529,-114.86779099802438,-119.1268129143841,0.9546982414777714,-104.45257357728076,-113.76935946394805,-116.91688711645197,-120.20985462504893,-120.45183984533773,-115.74274160849677,-120.23892370987056,0.960904721398299,-105.72792785546488,-113.46799138577084,-116.33340098142267,-119.6800236515951,-120.994534230169,-115.23747188843211,-119.01478842655943,0.9524188230619974,-101.21627249787706,-108.38791650533842,-114.94031267545068,-118.95247295536113,-121.39230490073933,-112.35705771894504,-116.89584599866879,0.9255698523132725,-102.60672622034795,-110.59944298865753,-114.28799875974273,-119.43880863435785,-120.13717750033902,-112.83338939972047,-118.20650559173303,0.9392045971731112,-101.56012080838684,-113.19625632847102,-115.026950131561,-118.97767925036446,-120.89690266347417,-114.34789523561747,-118.65576738722503,0.9458298162849849,-105.90799734262387,-114.80276091614242,-117.4897005561604,-120.16989989347881,-121.37913197668719,-116.2102023654804,-119.07387363496107,0.9574150059649498,-97.08089470833038,-104.29670187640488,-108.13348746337716,-115.61583290464314,-120.02288385390104,-107.18332803389772,-113.38587197859894,0.8930241016735411,-100.1416782561935,-109.19108438760502,-112.78068408294135,-117.62610032918573,-119.0829962111843,-111.77382425074079,-116.54267012448261,0.9386211953595687,-103.85383486840138,-113.04962550442481,-116.16351834317516,-120.11265952989045,-121.46410532457968,-115.42375880264723,-120.07227885134861,0.9502705222601255,-107.50952652013596,-116.67413039550304,-116.4209996785144,-119.99936627365378,-121.94630374184764,-116.43818970572556,-119.54132049227924,0.9548316441982334,-101.45407198709319,-111.74257476228955,-113.52854326950339,-118.75027230459536,-121.90870106914834,-112.69696977524833,-117.89034836500937,0.9244374584167296,-96.69846617968355,-102.27984016920338,-106.82245312712851,-112.68726803808043,-117.21257955769244,-105.55752535330976,-110.88917516718548,0.9005648178005841,-108.07518704130365,-116.3281452502966,-118.77049140104253,-120.45676234964564,-122.17625474120385,-117.77211019576917,-120.52567255730236,0.9639525327178868,-99.17678444873054,-110.22630095153714,-113.28592403918171,-117.84809863216732,-121.8118440092224,-111.87369895726563,-116.2255333153287,0.9184139676006846,-102.52448656772933,-111.19922938649421,-115.08106914236241,-119.50214081413672,-121.77886904108335,-113.53928917209701,-117.75756826784239,0.9323398227141801,-0.0060235479594487155,0.01477580224520206,0.008752254285753344,-0.0030488332753451476,0.010459208259430098,0.007410374984084951,39,0
-101.2956202473439,-111.60078221384383,-114.7932098773978,-119.73559436112839,-121.275540918507,-113.71782773466178,-118.3959079673113,0.9376814720709121,-102.76138517235661,-111.59211743917031,-116.15883159746977,-120.97227390803039,-121.14526714873904,-114.47329812475954,-119.53832177994114,0.9449258796401198,-101.83978381620304,-111.28195055466487,-116.11744832610282,-120.56267368463098,-121.48880234517425,-114.31684201680459,-119.43506026689036,0.9409660792605998,-104.62912630200618,-114.03603048727989,-117.32343945125908,-120.82166012254129,-121.36571097159506,-116.29923128254973,-120.05633873817277,0.958254439013412,-98.69236663616803,-110.31138574829556,-113.1285664719982,-119.91814616311217,-122.15588956566293,-112.14759169300157,-118.4592496549891,0.9180694610120983,-100.1769572298578,-110.925997582455,-114.41805343917763,-119.25292505715974,-120.25177427345105,-113.15011058969544,-117.7102453855641,0.9409433771213511,-101.92442769136453,-111.68240341857636,-113.52087324679566,-120.14940055013209,-121.34710049950702,-113.11983197340906,-119.15558293934356,0.9322005347286284,-103.53895660632352,-114.08549458378307,-118.0642229314662,-120.88187177463702,-121.45709975405526,-116.35856519882367,-119.81707710001758,0.958021930660654,-92.59025307222936,-104.83766741715839,-107.93106879409859,-115.87425585044073,-119.34464002906687,-107.136198333406,-112.34234196693797,0.8977043150602536,-99.38245549569127,-110.02467283888268,-114.20515127530005,-118.6501952957334,-121.55148584630021,-112.78143678153086,-116.47308691874755,0.9278491002910575,-103.77579806602147,-113.12886202595551,-115.60903518975033,-120.18299072479881,-121.58614644641868,-114.49163168056154,-119.53508530194718,0.9416503033182025,-106.71508071933445,-115.62790952430173,-116.48294457214784,-121.14969832510484,-121.82261208961656,-116.64514520974967,-120.63609382279853,0.9574999518475422,-99.12716941236337,-109.67686004091343,-112.94622514968172,-119.40308872623326,-121.5488463246012,-111.72898427631925,-117.05445758523526,0.919210569699217,-100.71682839941022,-110.44015984113689,-114.22007650465586,-117.44180667412027,-120.0972181463847,-112.94549592527054,-116.04377528264745,0.9404505588764176,-103.80626968110535,-115.53104145419461,-117.83408617794812,-121.08149187017004,-121.79323510262829,-117.110120170856,-120.52261658880396,0.96154864489948,-100.80517995914002,-109.33853015314737,-113.53095899015642,-118.75250349074037,-121.81595679512567,-112.19352726590132,-116.67366980546971,0.9210084640601913,-100.24788569792725,-113.09143231158554,-115.2003759203566,-120.6745275604689,-121.63686935778534,-114.58723323194987,-120.88152433947447,0.9420435911984916,-0.018202805232503862,0.006108778296259684,-0.012094026936244178,-0.0037530725531823407,0.0064178494396237035,0.002664776886441363,39,0
-102.01360552300457,-110.95057650448943,-114.23486253059181,-119.56039179967487,-121.3106951104107,-113.03733900508695,-117.54661597046955,0.9318002745117091,-100.28530670989845,-110.25176772712378,-115.21797952982863,-119.60713009761791,-121.83291410968641,-113.15833158868264,-117.33058199751582,0.9287993512722348,-101.59615464719185,-110.6720084774156,-115.40215428177035,-120.02492508659162,-121.41358657353928,-113.49305905747788,-117.98106769582277,0.9347640759194277,-102.96072717938513,-112.75506858236372,-115.81587519813739,-120.8215176373219,-121.69013050747398,-114.44036684318836,-119.03147857122507,0.9404243907533623,-99.67021074577093,-109.65332539064222,-115.09926757178395,-119.41373164997503,-121.5923251855574,-113.07338477637603,-116.2143061424332,0.9299385023176344,-99.27339874063851,-112.18149195091151,-113.76293301328764,-119.9720277472598,-121.54422322771855,-113.08672481011556,-118.58558871594491,0.9304162864099473,-100.97122180555516,-110.08623578137865,-114.29300401393664,-119.97239527443651,-121.8751984942017,-112.875038668949,-117.28639329150073,0.9261526550401402,-105.89595434060986,-114.94465655138065,-116.33041641852711,-121.35817426002235,-121.32621841271474,-115.77719275232668,-120.40748125300311,0.9542635900715873,-95.99169870107725,-104.05850773561544,-109.34413461055736,-115.65736528267989,-119.88138214701324,-107.32736793315686,-112.70739806165142,0.8952797007423462,-103.14860692990993,-109.7893701199187,-112.07503592548338,-118.9949889049074,-121.53671082249856,-111.46785842675237,-118.0949096011062,0.9171538185655567,-103.12147513057124,-113.72328920376286,-113.97675273286444,-119.61291241010245,-121.78199503784488,-114.1515246314005,-116.51131932347072,0.9373431975385759,-109.84433218551953,-113.62980977991634,-115.64798816216873,-120.82833354108735,-121.37841912713894,-114.95831929772324,-120.14410897377331,0.947106743722779,-98.30607753970818,-108.9147198267134,-112.7387617080911,-118.69958108127061,-120.64579322812236,-111.59803761422071,-115.11954447707615,0.9250056270358822,-102.41255659508249,-109.0456919976731,-113.84087726396655,-118.53325167571018,-119.99031682854228,-111.86531077860572,-115.91303586607039,0.9322861522105436,-107.25568565764502,-114.1525923813138,-116.49120658208274,-120.53316642042255,-121.7401704772018,-115.67788717750861,-118.75887249633891,0.950203098320546,-98.81284150637183,-109.44453853557513,-114.37533850299104,-118.67921038470915,-121.2129641243467,-112.56296666277213,-117.87105374264638,0.9286380171950837,-102.6714399531376,-111.90615003012601,-113.34607497399186,-120.25755734068323,-121.52877346297039,-113.08405306213484,-118.78871531793331,0.9305125843024439,-0.003103337519391044,0.00841274832934544,0.005309410809954396,-0.0058600309135455,0.0025897026116468353,-0.003270328301898665,39,0
-102.1120167195531,-110.2166756390472,-114.53706484682195,-119.55079296549968,-121.26867090893437,-113.08573209636955,-118.2106749254216,0.9325222355350977,-99.77585443283724,-108.18032584820901,-115.80651767960605,-120.07977043579743,-121.0705873800027,-112.93499554125505,-118.22224421976826,0.9328029043650992,-101.43517661362941,-108.70400910521842,-115.76735169311928,-120.4882068684891,-121.08912222991911,-113.24231720904521,-118.70919103750818,0.9351981013953119,-105.37955352110814,-110.63363972562195,-115.58622516985368,-120.58773520909344,-121.36107538028757,-113.86605712201488,-118.32002693703265,0.9382419920490414,-100.17830379126337,-110.18984034149696,-113.55259655149808,-120.13676447225178,-122.13584128179644,-112.84928368091529,-118.43798133682922,0.923965336436707,-100.17569389596062,-110.16437007565357,-115.04601760199556,-119.4434357850049,-121.81775881900343,-113.44342269378828,-116.82618033722255,0.9312552110102623,-104.15476053546621,-110.75688003889768,-114.78941662603839,-120.17932208335071,-121.1388608916806,-113.63842974953735,-119.0332945789294,0.9380840212056316,-105.58179108439934,-112.81045437042388,-117.61627284300062,-120.94476710777083,-121.82073343341916,-115.79835414845326,-119.79789396467672,0.950563593608165,-94.87912033573997,-105.82918651844709,-109.86737007453411,-115.47772482285862,-121.00492045087404,-108.14842863602047,-112.89622133254231,0.8937523220795547,-100.01367136482273,-110.93859958944462,-114.5633238937106,-119.07432293148946,-120.87417753158691,-113.78120334577524,-117.18112841592873,0.9413193592654797,-103.36011189939131,-112.73267324785331,-114.13920188078073,-119.930766059795,-121.67878218060739,-114.02603803302203,-118.52851136033757,0.9371069958916386,-108.0940145417963,-112.86752262392572,-115.53416512387872,-120.50165871418528,-121.55444834738238,-114.66642834156472,-119.41235374002777,0.9433338713682214,-100.58241909403753,-108.42970286307663,-112.02005518922208,-118.38277468442386,-120.86913579646837,-110.87494852621612,-117.77574331985721,0.9173139842161073,-101.44875046223014,-108.40385393667374,-111.81998330862923,-117.82116486673097,-120.24763078665725,-110.57359605167339,-116.71569618109632,0.9195490616181247,-106.24049208004018,-113.28364700894167,-116.92436768792484,-121.03895061092129,-121.47674071884846,-115.57638242378471,-121.05882933004796,0.9514280819509323,-101.29826174586816,-108.39289733998471,-113.88546193228248,-119.11417954565384,-120.99907537377543,-112.0188975824028,-118.37348981390438,0.9257830874853203,-101.19429211425897,-111.14920759088618,-115.67471029307663,-119.61114325017863,-121.15984394064066,-113.93293045644401,-120.08201290103626,0.9403522384220196,-0.008875094159420189,-0.0018544701747110137,-0.010729564334131202,-0.0018733894449406636,0.0035833677513735854,0.0017099783064329218,39,0
-103.00925339106297,-111.12185095000996,-115.05894581413543,-120.39738936120055,-121.97331367771818,-113.67880051671459,-118.79664129105242,0.9319973122734074,-101.2264700174091,-110.24721468027231,-115.79817578506297,-121.02980254829762,-121.22379559476579,-113.94568743426053,-120.69711766576046,0.9399613902138904,-102.38260362194886,-109.74451324034082,-116.25076531411312,-121.21512996001465,-121.41311635476109,-113.92211822383109,-121.16310884751802,0.9383015743616876,-103.38837470689643,-113.61636621652003,-116.34050944497291,-121.28475563813396,-121.78026499267159,-115.57672224735681,-120.38556344720715,0.9490595397728188,-103.2317188197903,-111.4898180821895,-114.94638673855202,-120.8720185342587,-122.28112876853395,-113.9616274392505,-118.5647968914918,0.9319641435022126,-100.34258144902265,-109.47693097888636,-114.41018410153627,-120.09812162939136,-121.01604413892957,-112.74647117304659,-118.26488871293851,0.9316654826661719,-103.16664032255431,-112.85184436000229,-114.12578712962738,-120.97778033061216,-121.50928876486981,-113.91209516794977,-119.81758516544677,0.9374764376111097,-106.06226465297398,-113.58315471455637,-118.32531230689384,-121.39797122930229,-121.85644573208823,-116.51725287549463,-119.83907473594466,0.9561845676318816,-96.78964638360759,-106.06082200052928,-111.1004985146993,-116.82470743066288,-120.91408228014164,-109.4180511214516,-114.22032861375052,0.9049239679787232,-100.17030818835664,-110.06319083903729,-112.85963701323064,-119.49978783139966,-123.32532717137653,-112.52999828409916,-117.98102154333445,0.91246462397561,-107.56602031050406,-112.13957828768224,-113.74175301800778,-121.46700506337004,-122.83417363056287,-113.5482836004326,-119.76690100975856,0.9244030406549679,-106.35116899932503,-114.45885548835433,-116.11523385464932,-121.91800646619343,-122.7574496061515,-115.50993855254286,-121.0501083220851,0.9409607231425778,-99.85462309627303,-110.99034629133848,-113.23888226956517,-119.74423279423216,-122.11766614882539,-112.37805619117573,-117.47533121405117,0.9202440542404409,-103.51649440603043,-108.06234881750954,-113.93167342274009,-118.1810354180312,-119.83435823894105,-111.6512985377197,-114.35177868816993,0.9317135767948544,-107.0708196245819,-114.93274257016235,-119.64715227680067,-122.00023271961042,-123.28925555240683,-117.44424933059395,-120.64244074506689,0.9525911143219749,-100.34589385242326,-109.17655066792656,-113.83408648377507,-119.49137116397046,-122.24292174762112,-111.91898524298,-118.00676269789085,0.9155457317524233,-106.68242580531,-111.05533796485152,-116.27709535194023,-120.35627102172805,-123.17770012084364,-113.87997284524795,-118.519452356424,0.924517771751915,-0.006027677008189251,0.0038928093276724405,-0.0021348676805168104,-0.0017044210523775348,0.008163851991130849,0.006459430938753314,39,0
-101.93240042747601,-110.7821082146224,-113.94246858210879,-119.94932769736366,-121.00647097885584,-113.26829369298157,-118.74403830343928,0.93605154151445,-100.11564687685731,-108.00994398255261,-113.97048344721193,-120.96619964142486,-120.66941286171308,-112.76343703781816,-120.6121445705833,0.9344823544226973,-102.33946825397827,-108.68815455119564,-115.02053137478475,-121.18587468052058,-121.06556244821701,-113.34758193503347,-120.55879623201426,0.9362495795079239,-102.53769988454573,-112.69577974378392,-115.22358933941824,-121.40044599039865,-121.40242410720688,-114.77837250653364,-121.42579299578779,0.9454372377702793,-101.31337291423671,-112.18205557566642,-114.75187078771397,-120.34592074964476,-121.59232397283952,-114.299631568336,-117.95700651422062,0.9400234145855085,-98.94404952521663,-111.73665406500147,-113.10253018369025,-119.84008957684098,-120.72373234775753,-113.47983964254956,-119.28707141107728,0.9399961170489564,-103.5528269490202,-112.38374981808222,-113.52086888640153,-120.29534616406494,-120.77948948848636,-113.6186578352629,-118.34509129372263,0.9407115257437307,-104.48822762753107,-113.81925710530761,-116.68534336650096,-121.53050873338931,-121.12091114564103,-116.04905428971013,-120.15416242387954,0.9581256712159943,-96.32497814168045,-105.9577329220884,-110.16105146161861,-116.62463296124635,-120.6035868163155,-108.51643199915931,-113.50684532443842,0.8997778164295772,-101.55521346902532,-109.0086141362806,-111.9731032394806,-119.72552182665275,-121.17682940973769,-111.56311097175038,-118.91859465054624,0.9206637235450331,-103.83679880067409,-111.93368955656986,-114.95729350093228,-120.7519323771867,-121.47793462828348,-114.61619115177788,-119.2262371737396,0.9435144868283923,-105.8419147403809,-114.38311235978743,-114.72321870446291,-120.99289767063352,-121.51780812848023,-114.76607322146096,-120.61210972521064,0.9444383089935205,-102.22539280117049,-109.08936535414479,-113.5717292634274,-119.10281798654947,-121.3501007280278,-112.48427150477293,-117.46005827973005,0.9269400752857624,-100.56032901029305,-106.81808227432121,-110.9832140267589,-116.55542069146347,-119.07173115352273,-109.64445461274946,-114.96457361210587,0.9208269129083342,-103.60395279450628,-114.25348266355667,-116.92812904429518,-121.20326357512758,-121.44528676449887,-116.61489518587554,-121.01549233435584,0.9602257797950594,-101.32957919994615,-108.3647320978382,-112.69883805775788,-118.87004858386396,-120.75335541133715,-111.14366372198371,-117.14217277431536,0.9204188433802212,-102.34895585055366,-113.18932522778123,-114.80770262928519,-119.79832194881051,-121.35304624962889,-114.60703190293106,-118.7184635393012,0.9444100123138156,-0.0020511690744895177,0.013150244763663464,0.011099075689173947,-0.004362114123881953,0.0042682194633677445,-9.389466051420818e-05,39,0
-103.47270305468714,-110.16881107399809,-114.93585761704894,-119.53439566891781,-122.19821989664182,-113.29040914204325,-117.27320738415577,0.9271035964179101,-102.54323152616188,-109.99583192057578,-115.80003779910936,-119.91779280511669,-122.16282010342547,-113.77396625061445,-117.5113279358909,0.931330548478589,-103.45279824782872,-110.97599930457629,-117.17690395013605,-120.59820966445368,-122.47473618310036,-114.75180158075662,-118.17855198079499,0.9369426312476565,-104.44908765837263,-112.00413239587466,-115.44054468547904,-120.66263938430059,-122.55576580425956,-114.4110511562288,-117.5125744423765,0.9335427868727194,-99.58256183233203,-109.79720439398143,-114.84818568878109,-120.22445348980305,-122.30355880541892,-113.31172935973885,-116.98217223420318,0.9264794129172824,-103.64074646702235,-110.87622020255942,-114.22279391271239,-119.28755748883269,-121.76092869991673,-113.2279369897591,-116.51436117176895,0.9299201164013176,-101.07892982545158,-110.1686720292383,-117.77900075747236,-120.10153053150295,-121.96405743386111,-115.06984960382243,-117.9325595829944,0.9434734463981138,-106.940087974378,-112.17478240995725,-118.07083888945664,-120.96065662132078,-122.37099967290689,-115.79236385693996,-118.17859330959513,0.9462402380175746,-97.50419358145936,-105.89789582604688,-112.02479214124112,-117.13709457627156,-121.42097397592937,-109.42989089976072,-114.4923500256609,0.9012437251693782,-103.84329488049545,-109.27634767845086,-113.56514657471587,-119.7342785328295,-122.49329524405039,-112.41330504109247,-116.85996820559507,0.9177098617285544,-105.97586950692924,-110.91761759296737,-115.03321877311464,-119.96016188130592,-122.99180739286943,-113.87234255882936,-118.1731211920351,0.9258530708073098,-108.13680982609193,-113.49109244269494,-115.1924619092986,-120.9688114810409,-123.10746045821202,-114.7429944365226,-119.37207477448942,0.932055571688698,-102.48554626630072,-107.90215294407018,-112.18977919460497,-118.38026061643446,-122.32484404304142,-110.70642846373173,-117.34360351754286,0.9050199845321558,-103.4777595596438,-107.1424367561274,-110.29990814687525,-115.4030161278874,-119.60219406015463,-109.13678860005615,-112.11855142419444,0.9124982150842915,-106.11486412993887,-112.21148272478352,-117.78745151446444,-121.24368219503977,-122.99556783209232,-115.93129363420138,-120.14541373958873,0.9425648068267407,-102.67690879545734,-107.87359211293601,-113.40502514454147,-118.34694486350475,-122.01215698993695,-111.55447131614508,-116.68545279280465,0.9142898057719414,-103.66055879713062,-111.99551644912928,-116.13763279077989,-119.62324044304006,-122.63035164709325,-114.52033252449236,-118.3706418169574,0.933866134984755,-0.0025722448325424556,0.006422059038633038,0.003849814206090582,-0.00181905094735212,0.0009423804243692186,-0.0008766705229829013,39,0
-102.31638461087476,-110.14748407714336,-114.55329498058225,-119.8162497084131,-122.04151870489149,-113.03217038395763,-117.83625991081409,0.9261780055136862,-98.16257547512154,-106.23346257590919,-114.60650235001587,-119.8664596281776,-121.78475628881041,-111.67252655383375,-117.81459689921263,0.9169663754058374,-99.47590387860049,-106.95916495698411,-116.16143753171272,-120.56212242468021,-122.21473443271928,-112.67530919362258,-119.55877453345259,0.9219453752170261,-103.08875315186306,-111.69415673755675,-117.01571798123138,-120.82705622669584,-122.67212165768098,-114.99334338691125,-119.65960417385881,0.9374040477412015,-100.93799340632224,-111.307643575444,-113.97587766830728,-120.00497073126833,-122.55055361007392,-112.80050675529209,-118.02178684385487,0.9204406135462749,-102.6275113601857,-108.73555126861423,-113.8998948398687,-120.03269282549586,-122.46072166822111,-112.47897547212554,-118.32811696036953,0.9184902223331756,-103.02491330982664,-111.56445945807219,-114.7930903394743,-119.96339294855682,-122.47918136974369,-113.79079576366696,-117.83040839295947,0.9290623475033853,-104.76614906057921,-114.2102021787627,-118.0225347944067,-121.20582226300994,-123.2703365778994,-116.26315954608334,-118.86906417596155,0.9431560160672723,-94.981699561493,-103.799704593196,-109.75642257526971,-116.73790332035375,-121.11951792853046,-107.5575557158036,-113.88043959156786,0.888028267906999,-102.64157611481419,-111.10723127600583,-113.75013870959137,-119.5095278616235,-121.7205808690381,-112.86979078441942,-116.97221639020118,0.9272860019116944,-104.5939211579607,-113.38077654799702,-115.22828723460009,-120.32178321439326,-122.26869367470034,-114.78093014072887,-118.07977627384804,0.9387597649984476,-106.77845790445983,-113.69885922714997,-115.61057821458152,-121.43977172238749,-122.37559762981209,-115.04821932907856,-119.7354457557922,0.9401238609440834,-101.37944148854773,-109.53702150651111,-112.50352201590756,-118.69104233437332,-121.37316668933674,-111.55915441566475,-117.09519997167808,0.919141828944847,-102.26971255290607,-107.95573278265648,-112.79569354467395,-117.4914495939006,-120.59114259562583,-111.0203917371622,-115.49498806725167,0.9206347112029869,-105.76390049896797,-114.92148356806905,-116.79841922804113,-121.14018695737771,-122.5535948588803,-116.24195072192181,-119.56032444694398,0.9484989065867361,-101.92705892015378,-107.9809905659463,-112.7621944188566,-118.93624013415732,-121.60195385606825,-111.58769539251234,-116.18019434279559,0.9176472240289076,-104.64258593219402,-109.27330441541874,-115.17240824277708,-120.32957314815816,-121.62764557112276,-113.17442123449514,-118.29922175327752,0.9304991534043588,-0.013159960665998241,0.006455405215201308,-0.006704555450796933,-0.003413522303538996,0.003386777769447775,-2.674453409122089e-05,39,0
-103.43093948837992,-111.05463436846975,-114.70826176065808,-120.12817307098659,-122.00818131165741,-113.70882903509784,-118.79546753449208,0.9319770839353819,-101.4513955077656,-106.5296244867361,-113.8718874754295,-120.37141534725514,-121.08026442166465,-111.58840135225871,-118.36147433794844,0.9216068521592394,-102.77094508294329,-106.91452959528817,-114.70153057219437,-120.79286541348783,-122.19529522554423,-112.17944252958569,-119.10414813983739,0.9180340562419232,-105.63721504084116,-114.32393616713203,-116.7555762320861,-120.670490679113,-122.59241292242044,-116.44191381957833,-119.11547481778318,0.949829692097387,-102.14112690436181,-109.97531209212396,-113.72941996393055,-120.5494850551779,-122.57191080988407,-112.92537431429291,-119.64326440645317,0.9212989629365126,-101.167446174617,-111.28160277703579,-114.530019521667,-119.56718593575934,-121.90164537101276,-113.64104472377055,-118.05699217593404,0.9322355278954543,-103.11998293233098,-113.11146914850919,-117.35662060041282,-120.58504460882668,-121.63790974744053,-115.4026393191746,-117.57545891346362,0.948739086020038,-107.16702072627508,-114.22886645095326,-118.66649326052205,-121.56278014236555,-123.02073533037318,-117.32304134700738,-120.68494991798624,0.9536850924515724,-97.28760360099562,-106.7190432787856,-108.73790183268909,-116.60098567207844,-120.74354647053126,-107.97349074539878,-112.81202976141866,0.8942381924465905,-103.03158173011866,-111.35998355471168,-116.07535426895046,-120.11666220005102,-121.90774322316422,-114.2585286537417,-119.63951304538482,0.9372540712576406,-105.78595584177924,-113.57359666545072,-114.88969898692146,-120.94123706855707,-122.51640909411692,-114.76404897885283,-119.37899802577394,0.9367239035767956,-108.54999418393666,-115.14480466163053,-115.58420300185719,-121.22968649652506,-122.42849248801916,-116.09375347370305,-121.69203630412792,0.9482576409659211,-102.40686971633305,-108.0437673521671,-112.7520885010708,-120.04743126856705,-121.72761362945697,-111.65910757404717,-118.53777819470005,0.9172865896635526,-102.38470886912411,-110.03252531772142,-113.26331570899995,-117.87359790169182,-121.37910401659926,-112.19668618119869,-116.54205811894929,0.9243492699192702,-106.84479579569975,-115.13165875948114,-117.26132811353905,-121.65891411262761,-122.84984252212952,-117.22027059779472,-121.0436388653474,0.9541751799696389,-101.55108124331637,-109.16291732270618,-113.19017857045671,-119.43381175257855,-121.24457448235013,-112.09424408980429,-118.5774590633916,0.9245299805652097,-103.59730846364059,-111.34051226508308,-113.96657155980212,-120.04917548112336,-122.33340123181193,-113.57927686135562,-119.96220646337322,0.9284404399590922,-0.013129515231359972,-0.005133483465637068,-0.01826299869699704,-0.0005016401463716051,0.0034206506860297212,0.002919010539658116,39,0
-102.6198171449493,-111.04919682213098,-115.31100556023726,-119.95783706963034,-121.04878637908882,-113.90841909891611,-118.77341604564567,0.9410124835303082,-99.29750257791511,-105.64827487293375,-113.17412992321559,-120.21962245137573,-120.86357354480577,-110.50387797119136,-119.69026207549243,0.914286039459408,-100.7107920284798,-105.97352850266152,-113.38186838443818,-120.37897560500916,-120.87988547809654,-110.80080777216791,-120.5388198570848,0.9166190663892136,-104.90846494684043,-114.10179098890785,-116.2343028646109,-120.23326131002298,-121.15418414844379,-115.57330436697923,-120.42236016942401,0.9539357239645425,-100.95773841841643,-108.81726151018468,-115.67492743163791,-119.91466166741333,-121.6158850251627,-113.6242150586908,-118.29746775339584,0.9342876141153896,-99.96618139162827,-110.0710976297042,-114.81875255021149,-119.39703576683175,-121.05981329220359,-113.10292181689293,-117.74483943732683,0.9342730567731423,-103.50079313003724,-110.97881034026291,-114.80032246008747,-120.2281143021659,-120.88344765249127,-114.01773923008123,-120.11888911915186,0.9432038996592224,-104.6500667923112,-115.60592802357822,-118.02500171015413,-121.85082656428682,-121.37745443449133,-117.13981562028074,-120.9582441255481,0.9650871009451126,-97.84512627843577,-106.3264325044312,-110.64104189734307,-116.4995952662022,-119.68180048164571,-108.83974234743403,-112.6206242214779,0.9094092995712041,-100.21578874308068,-114.28678495778748,-114.86228317718522,-119.92310444390611,-121.39673987784774,-115.22337923995565,-117.04044328157555,0.9491472287962274,-105.21065515076052,-112.78043432545047,-115.95078423017947,-121.41877423743041,-121.39624249438197,-114.94112671463472,-121.98148487449264,0.946826066053519,-108.40499572505546,-116.20073660281962,-117.55623227091255,-121.4948849577923,-121.62239624254728,-116.95170006062706,-120.21946294442695,0.9615967426541604,-99.8265782939668,-109.91542043192646,-113.99901736138675,-118.59533054495516,-121.0228914715611,-112.98875117068991,-117.27455391395395,0.9336147054232371,-105.4490134537727,-109.38790406754077,-114.70182638155279,-117.9477041258308,-120.03412343205663,-112.94929932473681,-116.74761879554848,0.9409765831186324,-108.03856240748252,-115.85559951699128,-119.26940039849826,-121.89505296620513,-121.84476270972667,-118.08075355193816,-120.89910155405869,0.9691081580030191,-100.49319508893369,-109.97206805528872,-114.9465846116728,-118.82387365814247,-120.39023398765556,-112.84938653714845,-116.67520095697392,0.9373632960022295,-102.44161989207203,-110.8650768236264,-116.93961331070959,-120.50457524651529,-121.55714779230364,-114.9478847992085,-119.14528365039885,0.9456283475457327,-0.0024120447136080757,0.004715942061777369,0.002303897348169293,-0.0013266808168046905,0.006197307328908114,0.004870626512103423,39,0
-102.23388411023217,-110.85091995096109,-115.42424053993207,-120.27108342969272,-122.29733681792794,-113.93991341296146,-118.56116418487966,0.9316630793243788,-97.56395716836639,-105.17348941643348,-114.96583279262478,-119.86290727979596,-121.92145008204126,-111.47673594543029,-118.09942124244748,0.9143324318273552,-98.22620467546382,-105.51538117904433,-115.09760266586514,-120.83490387858271,-122.31760728393155,-111.79156291384932,-119.31332317551427,0.9139449781285495,-102.57141152585999,-111.44132163494959,-118.1907536305494,-120.79012979849476,-122.50862593694393,-115.60644945091902,-118.7022172710795,0.9436596694050139,-102.26158734992458,-109.00971353808092,-115.87675764902025,-120.55171463462345,-122.89905233096925,-113.34686530430098,-119.64778881150255,0.922276153920666,-102.51802419290658,-110.75855071334087,-115.41109887777144,-119.93965122768039,-121.7499922007653,-113.6698000842227,-118.5384405179453,0.9336329147091985,-102.04998112255234,-111.12185115318391,-116.49700241461312,-120.6524505665909,-122.14950850831977,-114.91158817369163,-119.63548931539933,0.9407453994451794,-105.20161852225536,-112.88651938846988,-118.13146612861419,-121.40358515185504,-122.69421830956513,-116.40670160909774,-119.62259881845648,0.948754580394297,-95.18772391468165,-106.39860899903151,-110.88306300641038,-116.79539469564202,-121.17197899324424,-109.36048252544887,-113.96068335950253,0.9025228723180803,-103.00967018207892,-111.45584091579566,-114.82802581437855,-119.98594078710582,-122.5963542522615,-113.68433875238605,-118.19458569500708,0.9273060316170776,-103.89340410623547,-115.5130905839872,-114.38318611600903,-121.42342487045089,-122.7565176656754,-115.42998647481929,-119.66638226416796,0.9403165605364453,-107.62967318667147,-116.08362483861522,-116.908320965454,-121.62799169897913,-123.0874123281315,-116.72860354503584,-119.56752333394897,0.9483390814477106,-99.57614989704683,-110.81590907967733,-112.9545631422885,-119.98051136604043,-121.7378553956535,-112.6881247557693,-118.22885611744077,0.9256621483065216,-103.82096795916995,-111.48665437897348,-114.8566568827712,-118.63789373907893,-121.5308541191971,-113.70726107490475,-115.65415930681525,0.9356246353981928,-105.49633042951075,-115.52592234851544,-118.31694322930946,-121.94127595986319,-123.07505992661117,-117.57388265797327,-121.23306510154111,0.9553022580535958,-100.46052767934788,-109.21151639513717,-112.90804089611422,-119.4424129171972,-122.09719944042362,-111.61617812615273,-116.52911430506069,0.9141583806810817,-106.2749138516426,-111.21672465214148,-116.57853442711955,-120.46714630310267,-122.4637023131128,-115.04005321338134,-120.38497832224498,0.9393808209329584,-0.009886019503002769,-0.0019407414437676816,-0.01182676094677045,-0.000987873298272484,0.005954549772456487,0.0049666764741840026,39,0
-104.17319390936927,-112.1015501969327,-114.6604040018801,-119.81150304952064,-121.93120394703952,-114.02734987384257,-119.40925564878543,0.9351777574784714,-105.71194173142175,-113.24629082258885,-115.66009311799527,-120.15231826334919,-121.3179469024226,-114.87049294413617,-120.23084222007157,0.9468549038051873,-105.03884728464186,-115.03287934507814,-115.54662770255544,-120.45994620899035,-121.69557925979764,-115.63023031973552,-122.29679488388716,0.9501596608771324,-105.31544424734591,-113.54753863361701,-115.7932209656525,-120.89622408422741,-121.6066890582528,-115.05407778902448,-120.95880568683828,0.9461163582367623,-100.41274266911992,-112.35266857954355,-115.35397559060647,-118.94600174290642,-122.01944082051627,-114.19283511474097,-119.07863001770758,0.9358577153513776,-103.80944286774685,-112.0663284287693,-114.67228774478056,-119.24635221241728,-120.91103922634828,-114.0026626127619,-118.05639432448626,0.9428639712486985,-104.83783824876164,-112.70575683003837,-115.05203149089311,-119.97720989061641,-121.39576338580218,-114.86356785894388,-121.13164326711329,0.9461909102536088,-103.31710043588569,-113.65459742392802,-116.64225622078996,-121.22951840709736,-121.53911564965823,-115.51737458591833,-121.27879304152671,0.9504542958737842,-98.39446026526913,-103.88132061159446,-111.14508804584135,-116.93376787995543,-121.12115612756338,-108.57400295435137,-115.59377822445279,0.8964082446505258,-101.80918798385233,-110.4570046784802,-113.72875709659374,-119.76963834962291,-122.61777839426412,-112.96868655903572,-119.62356288803858,0.9213075627238752,-103.92300321013312,-112.13057043719925,-114.43317235640953,-120.98436134566009,-122.99280310721973,-114.47199094783115,-121.58243327554769,0.9307210507922117,-110.35332608603622,-115.81004631566155,-115.98521841034105,-120.92350061984429,-122.5035224563084,-116.68554311620589,-119.25526188399883,0.9525076567314419,-104.05169702543894,-109.02118378284854,-111.40629959568211,-119.49041006237199,-122.11034850160272,-111.04718473349251,-117.97156745796063,0.9094002768490584,-104.5404421706785,-112.2210548947072,-115.380651376762,-118.03629117024553,-121.83500654140597,-114.6778166459723,-118.03450182426042,0.9412550620826594,-108.425046480982,-115.07381882250452,-116.6235572351659,-120.95575434554782,-122.87300682873905,-116.23396381905829,-120.70096615764766,0.9459682546962142,-102.76015864607307,-109.48172598846575,-114.10543048722772,-118.4619630312437,-122.2920453978016,-112.48968037353842,-115.31799265683432,0.9198446228258164,-104.07042319652163,-112.94201755589874,-113.03779659278511,-120.52079117823381,-122.0680214949294,-113.1574876067342,-119.43612257019542,0.9270035363965874,-0.0019002842413410783,0.00308734792655619,0.0011870636852151118,-0.008131271858386673,0.005045494561148017,-0.003085777297238656,39,0
-102.79327553893907,-112.4831082008347,-113.72224001102866,-120.05761844414175,-122.2536265143709,-113.64551372645842,-119.06049422146434,0.929588078216227,-103.1083281989486,-114.79551750228865,-116.03877916971976,-120.71203019248426,-121.7871202331373,-115.70002275009539,-119.34555069544642,0.9500185448889064,-104.92971186009599,-114.10885569820091,-116.21501793031715,-120.81166867430517,-122.36934371408788,-115.72970684844644,-120.33928429426217,0.9457410110725547,-103.80009516350239,-114.2372531376443,-114.80386243067267,-120.69402197112365,-122.99862579057437,-114.98190191320002,-120.82420687298682,0.9348226549211683,-102.44847331442652,-111.5068232411265,-113.56352909303571,-120.63040765473151,-122.52428848347819,-113.45870594348675,-120.32786908899381,0.9260099148324057,-98.76165770967879,-110.63554670975144,-112.78608954135143,-119.53265150113643,-121.70260746254982,-112.25371346362667,-117.40820530587547,0.9223607924601718,-103.28097538306757,-112.47201816461826,-113.74773565885911,-120.04381716761627,-121.79551755837618,-113.64244849097908,-119.24969758099114,0.9330593667908234,-104.49260030637285,-116.22095010218038,-116.68650458618396,-120.93200554604084,-122.8102281869785,-116.91256665258874,-119.97731563220157,0.9519774401411373,-95.51798187467377,-105.1757077201964,-110.34773337533004,-116.97673303434387,-122.11507197964784,-108.75688787021599,-115.6796371725755,0.890609865818544,-100.73542411345079,-109.20818786044329,-110.00708377243632,-120.19227915428561,-121.86959276443947,-110.23450438650656,-118.44464963659004,0.9045283723855362,-102.85971553562895,-112.63048482466193,-112.37011042752215,-120.92453331842455,-122.77467577798387,-113.14873037361284,-120.25837196960124,0.9215966538427042,-108.20779782039887,-116.55715406701817,-112.92533424261457,-120.74617332539628,-122.55843521833549,-114.68832591190926,-120.11435835970366,0.9357848417988873,-99.82668705092112,-109.69973773318888,-110.9268987334121,-118.93056415655937,-121.50286752469923,-111.2241600633127,-117.48798341778974,0.9154035812422529,-105.7851956012083,-112.46952956837124,-115.69325986489801,-119.95312258293383,-122.53239103943488,-114.83765282189317,-120.31425318737737,0.9372024151959518,-106.08494372826688,-116.0783020573546,-116.24185066239139,-121.01528392711549,-122.96505843580523,-116.41411725355673,-120.33879282845261,0.9467251814004669,-102.91109734764535,-110.56095375243842,-114.69867477220117,-118.90672640772577,-121.29427047382539,-112.98670477563826,-116.99522521063801,0.9315090014908837,-101.94172361473866,-113.37270907387212,-112.50337591551315,-119.91987649204525,-122.45792958658097,-113.35807010426593,-117.86250628994387,0.9256899123393949,-0.005431306673694642,0.010626209506722311,0.005194902833027669,-0.00026360495906178937,0.0030369270256582113,0.002773322066596422,39,0
-103.11643394365575,-111.63342851895307,-114.16872178553966,-120.18084329826604,-121.95743546974566,-113.60585669314443,-118.62669666543563,0.931520544488056,-101.28961066813494,-109.15804955915041,-114.6823149160137,-120.40148665645901,-121.43774744600265,-113.24526572851907,-118.51682569511598,0.9325376014478005,-102.11244711315223,-109.05391822421667,-113.7103047545804,-120.32289049868466,-122.20173596790866,-112.60062129871308,-118.7443021228578,0.9214322563165803,-105.37942269063143,-114.0801336747463,-116.03795761470413,-120.66500220867589,-121.97960846838272,-115.86665665689662,-119.02276928260693,0.9498854612812552,-100.06779638105573,-109.28597878383744,-113.15759154229194,-120.25028930229517,-122.085183397294,-112.14456184045562,-119.01402201097775,0.9185763474303901,-101.95390889179656,-111.15260829818676,-114.62144420987269,-120.23654866426132,-121.8803959873592,-113.91067286030122,-117.62288657952078,0.9346102950971331,-104.11418312940508,-112.69077403323996,-113.88138259523166,-120.14232937373593,-121.66436498352081,-114.22953463304286,-118.26198428039095,0.938890649275283,-108.59766227040109,-113.38712065425428,-118.9077589291995,-120.93047485334824,-122.08802785309544,-116.78305367063555,-119.67403510110773,0.9565479574390112,-96.98023160802096,-104.40761401726463,-109.8822874337393,-118.22365758280121,-121.11011109347913,-108.37266316829795,-117.0692046174009,0.8948275432152006,-101.39537522186677,-111.98357054367466,-113.39919542626997,-120.1324084362112,-122.55374956487117,-113.22935152303431,-117.7727961028175,0.9239158485567086,-105.17042418061243,-113.59106809176922,-114.21127266486977,-120.6827074137214,-122.72471548780467,-114.46874240256905,-118.72813586487952,0.9327277064573352,-108.6242392616937,-116.15434141249318,-114.66146218147986,-121.53768664879365,-122.46165570226054,-115.24802952401554,-119.85189489751939,0.9410948175012152,-101.11696977627699,-111.06828714881323,-111.97954427505238,-118.58251270155576,-122.04316666197717,-111.78221837043739,-117.18855315393617,0.9159236147980369,-102.88655049017406,-112.13628094335314,-114.39337628621061,-119.54324645898997,-120.7927347310638,-113.9103366071322,-117.81888155405669,0.9430230788362002,-107.27390505331093,-116.1346577696222,-117.79252887731197,-121.6107734378215,-122.53848341199075,-117.13017936953412,-120.79285057727208,0.9558644444433575,-99.84426061235212,-108.49022288588806,-112.7781252791416,-119.67077381344004,-121.25372577817014,-111.22834095150266,-119.7948245031207,0.9173189544294201,-103.05595574960688,-113.36023026273874,-112.60300158266486,-119.96070472146161,-122.50356098074977,-113.54347848522366,-118.15318030338926,0.9268585955886287,-0.01256728624533268,0.0035678378301767133,-0.008999448415155967,-0.0017214054939382235,0.0022851513102405754,0.0005637458163023519,39,0
-102.84953128054272,-112.42755211893706,-115.3077128317121,-120.32811179542789,-121.83934020841818,-114.53934026153183,-118.92240893504845,0.9400850338289835,-100.33212808413437,-111.7550591448963,-115.69967081810691,-120.9271554953131,-121.4971915969385,-114.33144849219525,-120.12072654297435,0.9410213272376263,-101.70901280166228,-112.77741598792097,-117.00777573597512,-121.40743498427662,-121.85393882706171,-115.37588525064874,-120.39593908523764,0.9468375529033428,-104.32422350665661,-113.51425358469521,-116.91180973927615,-121.09999025996409,-122.49067075573832,-115.93289908238499,-119.08989171269263,0.9464630927980602,-101.07428612509332,-112.39026027732105,-115.20603229760871,-120.700168267049,-122.7897790944147,-114.58221846816433,-118.80766991209593,0.9331576236492822,-99.87487368047167,-112.36455395703895,-114.16824465141985,-120.04072585163516,-121.51251362743362,-113.69856871918518,-117.72115889262443,0.9356943192517062,-103.49056850171596,-113.14030067619012,-115.37527947977188,-120.6926130961591,-121.78534247010954,-115.10285548169229,-119.28795075695365,0.9451289715750697,-106.4525067370929,-113.59957277142279,-119.72604104977627,-122.1159813180821,-122.74725561633755,-117.66621522424218,-119.68033013504905,0.9586056701098327,-99.31769643229693,-109.91888381933443,-110.86721596840977,-116.74996405308384,-121.38577163416825,-110.9202186027847,-113.5925826181524,0.9137827037675834,-100.81674463469008,-111.6169335824069,-115.15846256718103,-120.42177512745073,-121.75164271767443,-113.99571964217313,-118.47656497902535,0.9362971792217519,-103.98630319124186,-113.60776047377358,-115.26745050172832,-120.97884358368738,-122.11555616353145,-115.1037296018446,-120.34380286089281,0.9425803985833145,-106.90790441581146,-114.34195254844616,-116.22122599009627,-121.36146602875908,-122.1343767691366,-116.02906519829708,-121.14678699736261,0.9500115222892567,-100.6819355175298,-110.32353162498742,-112.05634283965779,-119.17852003937841,-121.43385098026168,-111.89119716833812,-117.7487985296514,0.9214168558858052,-105.84917902375065,-110.43333934794873,-114.55513212412995,-118.43187307827533,-120.9014282919637,-113.50053187839588,-117.60441985553678,0.938785699076313,-106.32915342241179,-115.18446784743071,-118.49408069153927,-121.41351038254868,-122.43225389042658,-117.53181625769747,-120.50494691962987,0.9599742920920589,-99.7609809194545,-112.1141186278196,-113.75065627817264,-119.00150049646965,-120.94877487244956,-113.40013265979525,-118.09519387441097,0.9375881052072252,-104.68500349466915,-111.7584296313599,-114.45798457454362,-120.72826666471394,-121.64909602704431,-113.56694245667013,-120.14177928848522,0.9335617457561921,-0.007348756246822157,0.00047298471380991577,-0.006875771533012241,-0.0016535224598309215,0.0023076513192505192,0.0006541288594195977,39,0
-104.65497969785768,-112.63791721732177,-114.89128045711266,-118.97148601417153,-121.32517885284652,-114.29095651478752,-117.54232236082169,0.942021743511372,-105.0520702971592,-112.80796633865079,-114.6231309968453,-118.53257592795782,-120.70465416106369,-114.08367546747306,-116.78690922120335,0.9451472792030384,-109.03815205573584,-115.6845672713652,-116.17179356714001,-119.09954216831622,-121.03514333589035,-116.12881609241452,-117.40184416123674,0.9594636143829727,-106.92639889014548,-114.65778930593183,-115.85145802828589,-119.5740859953497,-121.69536242197957,-115.9484751590901,-118.51436733691128,0.9527764481035679,-102.34361772329288,-109.58210801480726,-114.12808551673079,-118.44547149084858,-122.47630613980363,-112.84549490732303,-117.68809163956432,0.9213659234506365,-102.80209304753666,-113.75951431211475,-112.94645232349679,-118.41787920485609,-121.25141944380393,-113.41640237038928,-117.15217634133202,0.9353820589535785,-105.22441849034425,-114.63350071521727,-114.32327425593004,-118.87242184031983,-121.57335514839257,-114.66310824963787,-117.25421908133978,0.9431598569413501,-106.72236140480891,-115.26483686918198,-117.3067872486928,-120.43540104400543,-121.57457751572169,-116.66707346431531,-118.670239524408,0.959633797199322,-96.65911553200785,-105.88374799733928,-110.03750763192231,-116.64782717771695,-120.86954448860601,-108.94501218291705,-113.22045069728313,0.9013437805516588,-100.8963801291367,-109.20665277110294,-114.00344902780911,-118.88258202331691,-120.53539424248537,-112.43769475338226,-117.46813154139721,0.9328189073425796,-104.79669880645875,-113.80793769821167,-114.35224648921724,-118.93930236055569,-121.65781314180789,-114.64215668262594,-117.69813243946959,0.9423328738368468,-110.51417134747453,-114.9206734098325,-116.88359568710098,-120.015149065348,-121.56449864077847,-116.81777349785982,-119.22006713273677,0.9609530315512166,-102.6137156684889,-110.09456231460926,-114.09602090541952,-118.14720171266318,-120.96596194970108,-112.71590428211158,-116.85159930081072,0.9317985197272274,-107.1540887919105,-112.99764586894777,-116.80428972564934,-119.29962879536751,-121.70392141409226,-115.20194992928234,-117.26587636637228,0.9465754972455879,-108.01010241698219,-115.56853551944594,-117.06009482170745,-119.92366006638673,-122.03183581314491,-116.6953036357507,-119.27457245826852,0.95626934445561,-100.7449741284526,-109.44480619976919,-114.78155552787325,-118.70684908051065,-120.31474959491146,-112.75720783952619,-116.32957421640191,0.9371852430327053,-104.98131643578753,-113.89183087062081,-114.8907455599817,-119.60419827322538,-121.24832419336168,-114.68925572250107,-119.88090631441139,0.9459038422634156,-0.007493590451525363,0.001527430531646708,-0.0059661599198786545,-0.0047416881050481455,0.00023849923393601163,-0.004503188871112134,39,0
-104.18018911489533,-113.1696769056868,-114.86495637555115,-120.2676320524297,-122.04418479984105,-114.78125677008013,-119.42575256433807,0.9404893560338619,-106.10770823190923,-115.80920285325745,-115.38106845533554,-120.49847025145648,-121.8148118314282,-116.13807102318025,-119.94714312619773,0.9533985997030998,-107.22142095981637,-115.56062628027443,-115.38884511887198,-120.81396023269481,-122.48710176774924,-116.20685772451264,-119.41465286623637,0.9487273030988624,-104.57437664180935,-114.74603831368852,-114.73013617415103,-121.19774320623786,-122.8244906148303,-115.63302200739349,-121.6389619359409,0.9414492291281811,-100.54742012915497,-110.57920453639157,-114.37055152555001,-120.12270781104897,-123.09598642151039,-113.47810489142098,-119.91487878156741,0.9218668145917004,-102.98660466187968,-113.01440972596136,-115.22268109913492,-120.49412087495541,-122.9404594616474,-114.78065798490216,-119.85132098399968,0.9336280219508146,-104.5158887266423,-113.25129837015227,-114.69039691730835,-120.20425271771502,-122.78806338028959,-114.80843158222726,-118.81392481464309,0.9350129680492766,-106.61397060143119,-114.84971806710136,-117.4813330498556,-121.77234750733429,-122.92264679101923,-117.10438115108897,-121.45097249282355,0.9526672603314351,-98.60220988346785,-108.29166360723134,-111.8998685078939,-116.93006464003797,-121.26650176834279,-110.83457825027855,-115.52935634185563,0.9139752250956121,-98.92291354272264,-109.68416285867768,-114.0820761542266,-120.01376570440061,-121.76318603063754,-112.66193210798716,-118.88977286858345,0.9252544696033137,-106.01459264087269,-113.8105161105417,-114.54520244874277,-120.75402143883655,-121.48995846848085,-114.95392808088042,-120.87524488267847,0.9462010649275501,-110.66849208504267,-116.19734502396399,-116.84098094540111,-121.16925590560922,-121.82264709403444,-117.04259862533257,-120.46964871865053,0.9607622344225358,-99.91372376333811,-110.12988906423601,-112.81713074163918,-119.5392866889952,-121.28045957784924,-112.44013528373502,-117.91811759093285,0.9271084202279125,-104.90154998896008,-115.00616138175451,-114.34065970456687,-119.74204202520869,-120.8735819766532,-115.22494121745109,-118.99039401149446,0.953268194200672,-109.91567071959625,-116.85569024583656,-116.80468252421258,-121.22341186494535,-121.97953623518794,-117.48400311420937,-119.75053999863766,0.9631451859899618,-101.60246894121698,-109.8039096181627,-115.19600897333079,-119.5282231811954,-121.65833360980726,-113.67230110611985,-118.38552664751214,0.9343568807271282,-103.77401432046474,-113.12499443375732,-114.047679668597,-120.27843878820354,-121.69919176798894,-114.03616417056261,-118.97158496765503,0.9370330444590351,-0.0015695485343647172,0.0020256825753519566,0.0004561340409872394,-0.004454804351048895,0.003074563018663049,-0.0013802413323858462,39,0
-102.83428164311205,-112.06888264804844,-115.119515265474,-120.23226686034691,-121.92726661068797,-114.19709589421899,-118.37301959726454,0.9366001475194937,-99.44784664453513,-111.82854009062946,-115.11980556123157,-120.73916217585153,-122.14774056609711,-113.99682296155682,-119.4316540035922,0.9332700091973487,-101.16068831754554,-109.89329486937159,-114.94054396202083,-120.55999764686649,-122.18713369574054,-113.10049068783137,-119.20748968319339,0.925633389268825,-105.69894331910105,-112.10064951951627,-116.41451930907644,-121.17793876100313,-122.05576032775132,-114.89310926812125,-120.17947663783752,0.9413165667855701,-100.21056467503536,-110.17479057903374,-112.59709858175117,-119.49014785514498,-122.31558318299659,-112.09226800363336,-117.07567634855695,0.9164185387231641,-100.95012130435833,-110.2063313978881,-115.46761481960209,-120.59616177520853,-121.95744003441445,-113.72727281569495,-119.89865077396709,0.932516071045792,-103.45680284158394,-112.30667258259949,-115.22470103201594,-119.89003872763817,-122.1983555658637,-114.2530450912469,-118.37369002380657,0.93498021771386,-104.5727483875217,-113.05464503000802,-117.2957031917336,-121.88973553722026,-122.71624831783666,-115.85078164694048,-120.18735809037838,0.9440541349250302,-94.041433738127,-105.80477634104928,-110.57848645913921,-116.15047277102616,-120.37139094131186,-109.56339505241013,-114.28416830914013,0.9102112569740823,-100.7617963966153,-112.13831614766347,-114.20973743509921,-119.8881264548576,-121.73054752429856,-114.24711178127278,-117.22687714239936,0.9385245865132413,-105.17740645319151,-114.25841031389346,-115.04375508739975,-120.41160857039233,-122.14785382569256,-114.7921251970231,-117.82827650414609,0.9397801238557475,-110.25826703842363,-117.5699984326771,-116.91479261092566,-121.75322798184965,-122.29466643627305,-116.9241447520241,-119.52156204989548,0.9560853973378514,-102.38543133782646,-109.36797231868665,-113.00014303802767,-119.54926091650134,-121.50386564224196,-112.00004933393421,-116.15311820126175,0.9217817782333696,-105.11499382880189,-115.2297160313027,-115.69310407991297,-120.40692913623352,-121.02795309364816,-115.54512609191235,-118.67713707981736,0.9546978457324371,-107.3399939311586,-115.86224669904475,-118.80391737804986,-121.30301544705772,-122.38390857383577,-117.72425574303361,-119.90076776098294,0.9619259354836593,-101.24051256836248,-109.77041138079058,-116.88053691756082,-119.85083747439876,-121.46743557416897,-114.32106427671718,-116.97002138216783,0.9411663606490798,-103.53095550760509,-113.53535063462074,-113.72778478403762,-120.05960853430044,-122.33038246883636,-114.12247160415161,-119.05238956508956,0.9329037423162172,-0.016669113831356264,0.0036379714137558038,-0.01303114241760046,-0.007012940226470829,0.002178454818020201,-0.004834485408450628,39,0
-103.76796549041117,-112.88341658753183,-114.81516329561376,-120.14440875293644,-122.30465361653741,-114.39195780370109,-118.85816743549273,0.9353033954239791,-99.98346667096689,-109.35106970178202,-114.90370550804067,-120.00995630617062,-121.30138845221276,-113.10221741490655,-119.4608110234544,0.932406618407865,-98.84513956021783,-109.29191574391416,-116.49593476412888,-121.08023645881288,-122.15869932791021,-114.04541501141668,-121.01734101044073,0.9335840643267241,-105.54258432076392,-112.59638192254556,-117.08978581812733,-120.99012477162344,-122.64625261473223,-115.52042740884434,-120.81125144770004,0.9418993646037258,-104.16365953246941,-110.99320603024596,-114.2351082774515,-120.19170397770264,-122.78656232974907,-113.2162819853418,-120.02114550243735,0.9220575919480029,-102.99727108934795,-112.87337867735936,-114.85333798531697,-120.19106156639444,-121.93666332739858,-114.30420419632729,-117.99221391107359,0.9374063639040359,-104.8027896470865,-114.63002348176691,-114.69589164445043,-120.53885255291618,-122.10239900333646,-115.1408317174331,-119.5048336748113,0.9429858271194727,-105.69566137277727,-116.68294409462868,-119.13535606665877,-121.28544030337177,-122.88619136951232,-118.60661090247716,-120.46321941910468,0.9651744397044035,-97.04534034471885,-108.28241908238822,-111.63501910523166,-117.93738220077786,-120.43142218372486,-110.14431891662079,-115.73520216652906,0.9145812356893824,-100.84162407105046,-112.02074770522609,-113.43938879678382,-119.6068808334926,-122.9584500590278,-113.45380649700508,-117.63785562048189,0.922700362948135,-105.62546360134718,-116.1409010243096,-114.14055033514383,-120.26677844991958,-122.41442058883852,-115.2959418986434,-118.67890397175898,0.9418493453961243,-109.43416574608403,-117.81378788082863,-114.41942153574334,-121.04709255062674,-123.0366387832016,-116.3158565900913,-120.0957955784618,0.9453757656290275,-102.90474582871607,-110.72670916524002,-112.07771265004766,-119.1474158694842,-121.94574025469032,-112.12613346888205,-115.36909918091901,0.919475606402491,-103.91962377492311,-112.98141925105136,-114.52582183120745,-119.75544021378397,-121.71016470131377,-114.1228400962475,-117.96588922852995,0.93766071532574,-109.1663723260746,-118.35922722820321,-117.40710428244395,-121.71854049472385,-123.205425603382,-118.04903605687653,-121.77347649741452,0.9581480318642402,-103.0555601273249,-109.29099382666129,-115.02423153511984,-118.5110681065835,-122.224413890271,-113.02849863775039,-116.66763447181546,0.924762042542692,-106.26397983271006,-114.09954058435805,-112.96424259392379,-120.03256539059882,-123.12962537529714,-113.79890406035338,-118.53600626295125,0.924220338634964,-0.0123405548366806,0.0030809461547203847,-0.009259608681960215,-0.00331045169555722,0.002751021593610308,-0.0005594301019469124,39,0
-102.53921185996839,-111.86124167508073,-115.11569180715017,-121.00577443689556,-122.83153835976265,-114.08817067911046,-119.24476455821976,0.9288182188596903,-96.17408701642256,-109.80176014892004,-114.74912199549411,-121.04235166952643,-121.88031526916357,-113.0197406260876,-120.94782690539174,0.927301019664184,-97.5106668023777,-110.22417876405132,-115.47108895794847,-122.02554967511047,-122.3011062799253,-113.54586696983814,-121.20817081338755,0.928412427520909,-103.07311046800626,-114.03919927822479,-115.96956838415724,-121.32758999456804,-122.87317543508374,-115.45158051747447,-118.93853668029946,0.9395995513965516,-100.74348175036258,-111.08043208167938,-114.95456919745286,-121.34508669677037,-123.02716800574875,-113.3646894350937,-119.80730709532946,0.9214606112838137,-97.03630617951356,-111.25706779760013,-114.75004912641236,-120.70969160797765,-122.30470938609821,-114.46266729996871,-118.583648049203,0.9358811109932546,-103.16595684410021,-112.38361966756212,-115.206810293803,-121.03317061550791,-123.04845386013432,-114.72849182429981,-118.20835470964909,0.932384668195087,-105.29398299158676,-112.67858559070346,-117.85069649603967,-122.18220573321533,-123.4769576079853,-116.12247620428128,-120.56529086793456,0.940438430406967,-97.87858076194581,-108.8630933664604,-113.25091077822977,-118.54099370753349,-122.48645771792778,-111.82868644902504,-116.60420338912263,0.9129881664677874,-101.5877009703565,-110.6791688739802,-113.95012790268844,-120.71931657350422,-122.8962988759983,-112.833744845109,-119.26639073399008,0.9181215860614129,-106.73180156236347,-113.10001055326927,-115.79408432553349,-121.59008079012914,-123.40785237608469,-115.04632733178671,-119.00411091423148,0.9322447892633584,-108.07922473344746,-115.92040059385927,-115.83353507520614,-122.27772744590459,-123.70473506183916,-115.89434200283088,-121.06842892226877,0.9368626184349054,-100.97137897872173,-108.04800866562346,-112.353218998147,-119.10917239457729,-122.07306563322446,-111.3969868843712,-116.24332335400224,0.9125435353534075,-106.59211524014438,-114.1018523339634,-115.10024131890722,-120.69773131807655,-121.9749211479647,-114.69839994795835,-120.5339330701033,0.940344120483756,-108.75355943119209,-114.61165449366662,-119.16193038743597,-122.79549688088018,-123.64224141264123,-117.3720799483098,-120.87965957441051,0.9492878696415289,-101.99590710755999,-110.46553956936243,-113.65589126496256,-119.76089677163141,-123.22228361655037,-112.4948077970631,-117.1204362784303,0.912942079105841,-105.03952892139336,-112.52529502236564,-113.79922441198431,-120.93532911541602,-122.98487206983226,-113.1498427822696,-118.93661157376201,0.920030576752739,-0.004395379354164219,0.00802612786176879,0.00363074850760457,7.210000911877265e-05,0.003593604813098377,0.00366570482221715,39,0
